{"cameraMode":{"drawMode":0,"name":"Shaded","section":"Shading Mode"},"sceneLighting":true,"audioPlay":false,"sceneViewState":{"showFog":true,"showMaterialUpdate":false,"showSkybox":true,"showFlares":true,"showImageEffects":true,"showParticleSystems":true},"in2DMode":false,"pivot":{"x":62.26715087890625,"y":73.92678833007813,"z":31.051666259765626},"rotation":{"x":0.195244699716568,"y":-0.09252828359603882,"z":0.01850038394331932,"w":0.9762053489685059},"size":3.9108550548553469,"orthographic":true}