{"cameraMode":{"drawMode":0,"name":"Shaded","section":"Shading Mode"},"sceneLighting":false,"audioPlay":false,"sceneViewState":{"showFog":true,"showMaterialUpdate":false,"showSkybox":true,"showFlares":true,"showImageEffects":true,"showParticleSystems":true},"in2DMode":false,"pivot":{"x":33.47235107421875,"y":90.43523406982422,"z":3.467869997024536},"rotation":{"x":-0.03278449922800064,"y":-0.9346677660942078,"z":0.3425673246383667,"w":-0.08943475037813187},"size":7.057881832122803,"orthographic":false}