{"cameraMode":{"drawMode":0,"name":"Shaded","section":"Shading Mode"},"sceneLighting":false,"audioPlay":false,"sceneViewState":{"showFog":true,"showMaterialUpdate":false,"showSkybox":true,"showFlares":true,"showImageEffects":true,"showParticleSystems":true},"in2DMode":false,"pivot":{"x":57.9093017578125,"y":88.8528823852539,"z":12.592000961303711},"rotation":{"x":-0.03278449922800064,"y":-0.9346677660942078,"z":0.3425673246383667,"w":-0.08943475037813187},"size":9.423238754272461,"orthographic":false}