{"cameraMode":{"drawMode":0,"name":"Shaded","section":"Shading Mode"},"sceneLighting":false,"audioPlay":false,"sceneViewState":{"showFog":true,"showMaterialUpdate":false,"showSkybox":true,"showFlares":true,"showImageEffects":true,"showParticleSystems":true},"in2DMode":false,"pivot":{"x":43.907752990722659,"y":89.03987884521485,"z":18.591299057006837},"rotation":{"x":-0.03278449922800064,"y":-0.9346677660942078,"z":0.3425673246383667,"w":-0.08943475037813187},"size":18.79897689819336,"orthographic":false}