{"cameraMode":{"drawMode":0,"name":"Shaded","section":"Shading Mode"},"sceneLighting":false,"audioPlay":false,"sceneViewState":{"showFog":true,"showMaterialUpdate":false,"showSkybox":true,"showFlares":true,"showImageEffects":true,"showParticleSystems":true},"in2DMode":false,"pivot":{"x":51.91300582885742,"y":89.03987884521485,"z":26.592002868652345},"rotation":{"x":-0.14811129868030549,"y":-0.833573043346405,"z":0.269208163022995,"w":-0.45910799503326418},"size":7.730459690093994,"orthographic":false}