{"cameraMode":{"drawMode":0,"name":"Shaded","section":"Shading Mode"},"sceneLighting":false,"audioPlay":false,"sceneViewState":{"showFog":true,"showMaterialUpdate":false,"showSkybox":true,"showFlares":true,"showImageEffects":true,"showParticleSystems":true},"in2DMode":false,"pivot":{"x":51.9093017578125,"y":88.96040344238281,"z":10.592001914978028},"rotation":{"x":-0.03278449922800064,"y":-0.9346677660942078,"z":0.3425673246383667,"w":-0.08943475037813187},"size":10.7977294921875,"orthographic":false}