{"cameraMode":{"drawMode":0,"name":"Shaded","section":"Shading Mode"},"sceneLighting":true,"audioPlay":false,"sceneViewState":{"showFog":true,"showMaterialUpdate":false,"showSkybox":true,"showFlares":true,"showImageEffects":true,"showParticleSystems":true},"in2DMode":false,"pivot":{"x":62.26715087890625,"y":73.92678833007813,"z":31.051666259765626},"rotation":{"x":0.09366700798273087,"y":0.35663902759552,"z":-0.03595653548836708,"w":0.9288446307182312},"size":21.64277458190918,"orthographic":true}